recording,event_or_utterance_id,expected_text,candidate,mode,legacy_outcome,candidate_outcome,delta_class,latency_delta_ms,notes
1786194763609,1786194763609_cmd_001,вниз,hpf80_mix123,clean_continuous,true,true,unchanged,0.0,
1786194763609,1786194763609_cmd_001,вниз,hpf80_mix123,production_like,true,true,unchanged,-60.000000000000455,
1786194763609,1786194763609_cmd_001,вниз,raw_ch3,clean_continuous,true,true,unchanged,0.0,
1786194763609,1786194763609_cmd_001,вниз,raw_ch3,production_like,true,true,unchanged,-60.000000000000455,
1786194763609,1786194763609_cmd_001,вниз,raw_mix123,clean_continuous,true,true,unchanged,0.0,
1786194763609,1786194763609_cmd_001,вниз,raw_mix123,production_like,true,true,unchanged,-60.000000000000455,
1786194763609,1786194763609_cmd_001,вниз,webrtc_moderate,clean_continuous,true,true,unchanged,0.0,
1786194763609,1786194763609_cmd_001,вниз,webrtc_moderate,production_like,true,true,unchanged,-60.000000000000455,
1786194763609,1786194763609_cmd_002,вниз,hpf80_mix123,clean_continuous,true,true,unchanged,0.0,
1786194763609,1786194763609_cmd_002,вниз,hpf80_mix123,production_like,true,true,faster_stable_partial,-300.0000000000007,
1786194763609,1786194763609_cmd_002,вниз,raw_ch3,clean_continuous,true,true,unchanged,0.0,
1786194763609,1786194763609_cmd_002,вниз,raw_ch3,production_like,true,true,slower_stable_partial,179.99999999999966,
1786194763609,1786194763609_cmd_002,вниз,raw_mix123,clean_continuous,true,true,unchanged,0.0,
1786194763609,1786194763609_cmd_002,вниз,raw_mix123,production_like,true,true,faster_stable_partial,-300.0000000000007,
1786194763609,1786194763609_cmd_002,вниз,webrtc_moderate,clean_continuous,true,true,unchanged,0.0,
1786194763609,1786194763609_cmd_002,вниз,webrtc_moderate,production_like,true,true,slower_stable_partial,179.99999999999966,
1786194763609,1786194763609_cmd_003,вниз,hpf80_mix123,clean_continuous,true,true,unchanged,0.0,
1786194763609,1786194763609_cmd_003,вниз,hpf80_mix123,production_like,true,true,unchanged,-60.00000000000051,
1786194763609,1786194763609_cmd_003,вниз,raw_ch3,clean_continuous,true,true,slower_stable_partial,240.00000000000023,
1786194763609,1786194763609_cmd_003,вниз,raw_ch3,production_like,true,true,unchanged,-60.00000000000051,
1786194763609,1786194763609_cmd_003,вниз,raw_mix123,clean_continuous,true,true,slower_stable_partial,240.00000000000023,
1786194763609,1786194763609_cmd_003,вниз,raw_mix123,production_like,true,true,unchanged,-60.00000000000051,
1786194763609,1786194763609_cmd_003,вниз,webrtc_moderate,clean_continuous,true,true,unchanged,0.0,
1786194763609,1786194763609_cmd_003,вниз,webrtc_moderate,production_like,true,true,unchanged,-60.00000000000051,
1786194763609,1786194763609_cmd_004,вверх,hpf80_mix123,clean_continuous,true,true,unchanged,0.0,
1786194763609,1786194763609_cmd_004,вверх,hpf80_mix123,production_like,true,true,unchanged,-60.000000000000455,
1786194763609,1786194763609_cmd_004,вверх,raw_ch3,clean_continuous,true,true,unchanged,0.0,
1786194763609,1786194763609_cmd_004,вверх,raw_ch3,production_like,true,true,unchanged,-60.000000000000455,
1786194763609,1786194763609_cmd_004,вверх,raw_mix123,clean_continuous,true,true,unchanged,0.0,
1786194763609,1786194763609_cmd_004,вверх,raw_mix123,production_like,true,true,unchanged,-60.000000000000455,
1786194763609,1786194763609_cmd_004,вверх,webrtc_moderate,clean_continuous,true,true,unchanged,0.0,
1786194763609,1786194763609_cmd_004,вверх,webrtc_moderate,production_like,true,true,unchanged,-60.000000000000455,
1786194763609,1786194763609_cmd_005,вверх,hpf80_mix123,clean_continuous,true,true,faster_stable_partial,-239.9999999999984,
1786194763609,1786194763609_cmd_005,вверх,hpf80_mix123,production_like,true,true,unchanged,-59.999999999998636,
1786194763609,1786194763609_cmd_005,вверх,raw_ch3,clean_continuous,true,true,faster_stable_partial,-239.9999999999984,
1786194763609,1786194763609_cmd_005,вверх,raw_ch3,production_like,true,true,unchanged,-59.999999999998636,
1786194763609,1786194763609_cmd_005,вверх,raw_mix123,clean_continuous,true,true,faster_stable_partial,-239.9999999999984,
1786194763609,1786194763609_cmd_005,вверх,raw_mix123,production_like,true,true,unchanged,-59.999999999998636,
1786194763609,1786194763609_cmd_005,вверх,webrtc_moderate,clean_continuous,true,true,faster_stable_partial,-239.9999999999984,
1786194763609,1786194763609_cmd_005,вверх,webrtc_moderate,production_like,true,true,unchanged,-59.999999999998636,
1786194763609,1786194763609_cmd_006,вверх,hpf80_mix123,clean_continuous,false,true,fixed_legacy_miss,,
1786194763609,1786194763609_cmd_006,вверх,hpf80_mix123,production_like,true,false,regressed_from_legacy,,
1786194763609,1786194763609_cmd_006,вверх,raw_ch3,clean_continuous,false,false,unchanged,,
1786194763609,1786194763609_cmd_006,вверх,raw_ch3,production_like,true,false,regressed_from_legacy,,
1786194763609,1786194763609_cmd_006,вверх,raw_mix123,clean_continuous,false,true,fixed_legacy_miss,,
1786194763609,1786194763609_cmd_006,вверх,raw_mix123,production_like,true,false,regressed_from_legacy,,
1786194763609,1786194763609_cmd_006,вверх,webrtc_moderate,clean_continuous,false,false,unchanged,,
1786194763609,1786194763609_cmd_006,вверх,webrtc_moderate,production_like,true,false,regressed_from_legacy,,
1786194763609,1786194763609_cmd_007,вверх,hpf80_mix123,clean_continuous,true,true,unchanged,0.0,
1786194763609,1786194763609_cmd_007,вверх,hpf80_mix123,production_like,true,true,unchanged,,
1786194763609,1786194763609_cmd_007,вверх,raw_ch3,clean_continuous,true,true,unchanged,0.0,
1786194763609,1786194763609_cmd_007,вверх,raw_ch3,production_like,true,true,unchanged,,
1786194763609,1786194763609_cmd_007,вверх,raw_mix123,clean_continuous,true,true,unchanged,0.0,
1786194763609,1786194763609_cmd_007,вверх,raw_mix123,production_like,true,true,unchanged,,
1786194763609,1786194763609_cmd_007,вверх,webrtc_moderate,clean_continuous,true,true,unchanged,0.0,
1786194763609,1786194763609_cmd_007,вверх,webrtc_moderate,production_like,true,true,unchanged,,
1786194763609,1786194763609_cmd_008,вниз,hpf80_mix123,clean_continuous,true,true,unchanged,0.0,
1786194763609,1786194763609_cmd_008,вниз,hpf80_mix123,production_like,true,true,unchanged,-60.000000000002274,
1786194763609,1786194763609_cmd_008,вниз,raw_ch3,clean_continuous,true,true,unchanged,0.0,
1786194763609,1786194763609_cmd_008,вниз,raw_ch3,production_like,true,true,unchanged,-60.000000000002274,
1786194763609,1786194763609_cmd_008,вниз,raw_mix123,clean_continuous,true,true,unchanged,0.0,
1786194763609,1786194763609_cmd_008,вниз,raw_mix123,production_like,true,true,unchanged,-60.000000000002274,
1786194763609,1786194763609_cmd_008,вниз,webrtc_moderate,clean_continuous,true,true,unchanged,0.0,
1786194763609,1786194763609_cmd_008,вниз,webrtc_moderate,production_like,true,true,slower_stable_partial,179.99999999999972,
1786194763609,1786194763609_cmd_009,вниз,hpf80_mix123,clean_continuous,true,true,unchanged,0.0,
1786194763609,1786194763609_cmd_009,вниз,hpf80_mix123,production_like,true,true,slower_stable_partial,179.99999999999972,
1786194763609,1786194763609_cmd_009,вниз,raw_ch3,clean_continuous,true,true,unchanged,0.0,
1786194763609,1786194763609_cmd_009,вниз,raw_ch3,production_like,true,true,unchanged,-60.000000000002274,
1786194763609,1786194763609_cmd_009,вниз,raw_mix123,clean_continuous,true,true,unchanged,0.0,
1786194763609,1786194763609_cmd_009,вниз,raw_mix123,production_like,true,true,slower_stable_partial,179.99999999999972,
1786194763609,1786194763609_cmd_009,вниз,webrtc_moderate,clean_continuous,true,true,unchanged,0.0,
1786194763609,1786194763609_cmd_009,вниз,webrtc_moderate,production_like,true,true,slower_stable_partial,179.99999999999972,
1786194763609,1786194763609_cmd_010,вниз,hpf80_mix123,clean_continuous,true,true,unchanged,0.0,
1786194763609,1786194763609_cmd_010,вниз,hpf80_mix123,production_like,true,true,unchanged,,
1786194763609,1786194763609_cmd_010,вниз,raw_ch3,clean_continuous,true,true,unchanged,0.0,
1786194763609,1786194763609_cmd_010,вниз,raw_ch3,production_like,true,true,unchanged,,
1786194763609,1786194763609_cmd_010,вниз,raw_mix123,clean_continuous,true,true,unchanged,0.0,
1786194763609,1786194763609_cmd_010,вниз,raw_mix123,production_like,true,true,unchanged,,
1786194763609,1786194763609_cmd_010,вниз,webrtc_moderate,clean_continuous,true,true,unchanged,0.0,
1786194763609,1786194763609_cmd_010,вниз,webrtc_moderate,production_like,true,true,unchanged,,
1786194763609,1786194763609_cmd_011,вверх,hpf80_mix123,clean_continuous,true,true,unchanged,0.0,
1786194763609,1786194763609_cmd_011,вверх,hpf80_mix123,production_like,true,true,faster_stable_partial,-320.0000000000003,
1786194763609,1786194763609_cmd_011,вверх,raw_ch3,clean_continuous,true,true,unchanged,0.0,
1786194763609,1786194763609_cmd_011,вверх,raw_ch3,production_like,true,true,faster_stable_partial,-320.0000000000003,
1786194763609,1786194763609_cmd_011,вверх,raw_mix123,clean_continuous,true,true,unchanged,0.0,
1786194763609,1786194763609_cmd_011,вверх,raw_mix123,production_like,true,true,faster_stable_partial,-320.0000000000003,
1786194763609,1786194763609_cmd_011,вверх,webrtc_moderate,clean_continuous,true,true,unchanged,0.0,
1786194763609,1786194763609_cmd_011,вверх,webrtc_moderate,production_like,true,true,unchanged,-79.9999999999983,
1786194763609,1786194763609_cmd_012,вверх,hpf80_mix123,clean_continuous,true,true,faster_stable_partial,-240.00000000000193,
1786194763609,1786194763609_cmd_012,вверх,hpf80_mix123,production_like,true,true,unchanged,-79.9999999999983,
1786194763609,1786194763609_cmd_012,вверх,raw_ch3,clean_continuous,true,true,faster_stable_partial,-240.00000000000193,
1786194763609,1786194763609_cmd_012,вверх,raw_ch3,production_like,true,true,unchanged,-79.9999999999983,
1786194763609,1786194763609_cmd_012,вверх,raw_mix123,clean_continuous,true,true,faster_stable_partial,-240.00000000000193,
1786194763609,1786194763609_cmd_012,вверх,raw_mix123,production_like,true,true,unchanged,-79.9999999999983,
1786194763609,1786194763609_cmd_012,вверх,webrtc_moderate,clean_continuous,true,true,faster_stable_partial,-240.00000000000193,
1786194763609,1786194763609_cmd_012,вверх,webrtc_moderate,production_like,true,true,unchanged,-79.9999999999983,
1786194763609,1786194763609_cmd_013,вверх,hpf80_mix123,clean_continuous,false,true,fixed_legacy_miss,,
1786194763609,1786194763609_cmd_013,вверх,hpf80_mix123,production_like,true,false,regressed_from_legacy,,
1786194763609,1786194763609_cmd_013,вверх,raw_ch3,clean_continuous,false,true,fixed_legacy_miss,,
1786194763609,1786194763609_cmd_013,вверх,raw_ch3,production_like,true,true,faster_stable_partial,-320.0000000000003,
1786194763609,1786194763609_cmd_013,вверх,raw_mix123,clean_continuous,false,false,unchanged,,
1786194763609,1786194763609_cmd_013,вверх,raw_mix123,production_like,true,true,faster_stable_partial,-320.0000000000003,
1786194763609,1786194763609_cmd_013,вверх,webrtc_moderate,clean_continuous,false,false,unchanged,,
1786194763609,1786194763609_cmd_013,вверх,webrtc_moderate,production_like,true,false,regressed_from_legacy,,
1786194763609,1786194763609_cmd_014,вниз,hpf80_mix123,clean_continuous,true,true,unchanged,0.0,
1786194763609,1786194763609_cmd_014,вниз,hpf80_mix123,production_like,true,true,unchanged,-79.99999999999824,
1786194763609,1786194763609_cmd_014,вниз,raw_ch3,clean_continuous,true,true,unchanged,0.0,
1786194763609,1786194763609_cmd_014,вниз,raw_ch3,production_like,true,true,unchanged,-79.99999999999824,
1786194763609,1786194763609_cmd_014,вниз,raw_mix123,clean_continuous,true,true,unchanged,0.0,
1786194763609,1786194763609_cmd_014,вниз,raw_mix123,production_like,true,true,unchanged,-79.99999999999824,
1786194763609,1786194763609_cmd_014,вниз,webrtc_moderate,clean_continuous,true,true,unchanged,0.0,
1786194763609,1786194763609_cmd_014,вниз,webrtc_moderate,production_like,true,true,unchanged,-79.99999999999824,
1786194763609,1786194763609_cmd_015,вниз,hpf80_mix123,clean_continuous,true,true,unchanged,0.0,
1786194763609,1786194763609_cmd_015,вниз,hpf80_mix123,production_like,false,true,fixed_legacy_miss,,
1786194763609,1786194763609_cmd_015,вниз,raw_ch3,clean_continuous,true,true,unchanged,0.0,
1786194763609,1786194763609_cmd_015,вниз,raw_ch3,production_like,false,true,fixed_legacy_miss,,
1786194763609,1786194763609_cmd_015,вниз,raw_mix123,clean_continuous,true,true,unchanged,0.0,
1786194763609,1786194763609_cmd_015,вниз,raw_mix123,production_like,false,true,fixed_legacy_miss,,
1786194763609,1786194763609_cmd_015,вниз,webrtc_moderate,clean_continuous,true,true,unchanged,0.0,
1786194763609,1786194763609_cmd_015,вниз,webrtc_moderate,production_like,false,true,fixed_legacy_miss,,
1786194763609,1786194763609_cmd_016,вниз,hpf80_mix123,clean_continuous,true,true,unchanged,0.0,
1786194763609,1786194763609_cmd_016,вниз,hpf80_mix123,production_like,true,true,slower_stable_partial,160.0000000000037,
1786194763609,1786194763609_cmd_016,вниз,raw_ch3,clean_continuous,true,true,unchanged,0.0,
1786194763609,1786194763609_cmd_016,вниз,raw_ch3,production_like,true,true,slower_stable_partial,160.0000000000037,
1786194763609,1786194763609_cmd_016,вниз,raw_mix123,clean_continuous,true,true,unchanged,0.0,
1786194763609,1786194763609_cmd_016,вниз,raw_mix123,production_like,true,true,slower_stable_partial,160.0000000000037,
1786194763609,1786194763609_cmd_016,вниз,webrtc_moderate,clean_continuous,true,true,unchanged,0.0,
1786194763609,1786194763609_cmd_016,вниз,webrtc_moderate,production_like,true,true,slower_stable_partial,160.0000000000037,
1786194763609,1786194763609_cmd_017,вверх,hpf80_mix123,clean_continuous,true,true,unchanged,0.0,
1786194763609,1786194763609_cmd_017,вверх,hpf80_mix123,production_like,true,true,removed_wrong_partial,-80.0000000000054,
1786194763609,1786194763609_cmd_017,вверх,raw_ch3,clean_continuous,true,true,unchanged,0.0,
1786194763609,1786194763609_cmd_017,вверх,raw_ch3,production_like,true,true,unchanged,-80.0000000000054,
1786194763609,1786194763609_cmd_017,вверх,raw_mix123,clean_continuous,true,true,unchanged,0.0,
1786194763609,1786194763609_cmd_017,вверх,raw_mix123,production_like,true,true,removed_wrong_partial,-80.0000000000054,
1786194763609,1786194763609_cmd_017,вверх,webrtc_moderate,clean_continuous,true,true,unchanged,0.0,
1786194763609,1786194763609_cmd_017,вверх,webrtc_moderate,production_like,true,true,removed_wrong_partial,-80.0000000000054,
1786194763609,1786194763609_cmd_018,вверх,hpf80_mix123,clean_continuous,true,true,unchanged,0.0,
1786194763609,1786194763609_cmd_018,вверх,hpf80_mix123,production_like,true,true,unchanged,-79.99999999999818,
1786194763609,1786194763609_cmd_018,вверх,raw_ch3,clean_continuous,true,true,unchanged,0.0,
1786194763609,1786194763609_cmd_018,вверх,raw_ch3,production_like,true,false,regressed_from_legacy,,
1786194763609,1786194763609_cmd_018,вверх,raw_mix123,clean_continuous,true,true,unchanged,0.0,
1786194763609,1786194763609_cmd_018,вверх,raw_mix123,production_like,true,true,unchanged,-79.99999999999818,
1786194763609,1786194763609_cmd_018,вверх,webrtc_moderate,clean_continuous,true,true,unchanged,0.0,
1786194763609,1786194763609_cmd_018,вверх,webrtc_moderate,production_like,true,true,faster_stable_partial,-320.0000000000002,
1786194763609,1786194763609_cmd_019,вверх,hpf80_mix123,clean_continuous,true,true,unchanged,0.0,
1786194763609,1786194763609_cmd_019,вверх,hpf80_mix123,production_like,true,true,unchanged,-79.9999999999983,
1786194763609,1786194763609_cmd_019,вверх,raw_ch3,clean_continuous,true,true,unchanged,0.0,
1786194763609,1786194763609_cmd_019,вверх,raw_ch3,production_like,true,true,unchanged,-79.9999999999983,
1786194763609,1786194763609_cmd_019,вверх,raw_mix123,clean_continuous,true,true,unchanged,0.0,
1786194763609,1786194763609_cmd_019,вверх,raw_mix123,production_like,true,true,unchanged,-79.9999999999983,
1786194763609,1786194763609_cmd_019,вверх,webrtc_moderate,clean_continuous,true,true,unchanged,0.0,
1786194763609,1786194763609_cmd_019,вверх,webrtc_moderate,production_like,true,true,unchanged,-79.9999999999983,
1786194763609,1786194763609_cmd_020,печать,hpf80_mix123,clean_continuous,true,true,unchanged,0.0,
1786194763609,1786194763609_cmd_020,печать,hpf80_mix123,production_like,true,true,unchanged,-79.9999999999983,
1786194763609,1786194763609_cmd_020,печать,raw_ch3,clean_continuous,true,true,unchanged,0.0,
1786194763609,1786194763609_cmd_020,печать,raw_ch3,production_like,true,true,unchanged,-79.9999999999983,
1786194763609,1786194763609_cmd_020,печать,raw_mix123,clean_continuous,true,true,unchanged,0.0,
1786194763609,1786194763609_cmd_020,печать,raw_mix123,production_like,true,true,unchanged,-79.9999999999983,
1786194763609,1786194763609_cmd_020,печать,webrtc_moderate,clean_continuous,true,true,unchanged,0.0,
1786194763609,1786194763609_cmd_020,печать,webrtc_moderate,production_like,true,true,unchanged,-79.9999999999983,
1786194763609,1786194763609_cmd_021,белый,hpf80_mix123,clean_continuous,true,true,unchanged,0.0,
1786194763609,1786194763609_cmd_021,белый,hpf80_mix123,production_like,true,true,unchanged,-80.00000000000546,
1786194763609,1786194763609_cmd_021,белый,raw_ch3,clean_continuous,true,true,unchanged,0.0,
1786194763609,1786194763609_cmd_021,белый,raw_ch3,production_like,true,true,unchanged,-80.00000000000546,
1786194763609,1786194763609_cmd_021,белый,raw_mix123,clean_continuous,true,true,unchanged,0.0,
1786194763609,1786194763609_cmd_021,белый,raw_mix123,production_like,true,true,unchanged,-80.00000000000546,
1786194763609,1786194763609_cmd_021,белый,webrtc_moderate,clean_continuous,true,true,unchanged,0.0,
1786194763609,1786194763609_cmd_021,белый,webrtc_moderate,production_like,true,true,unchanged,-80.00000000000546,
1786194763609,1786194763609_cmd_022,назад,hpf80_mix123,clean_continuous,true,true,unchanged,0.0,
1786194763609,1786194763609_cmd_022,назад,hpf80_mix123,production_like,true,true,unchanged,-79.99999999999818,
1786194763609,1786194763609_cmd_022,назад,raw_ch3,clean_continuous,true,true,unchanged,0.0,
1786194763609,1786194763609_cmd_022,назад,raw_ch3,production_like,true,true,unchanged,-79.99999999999818,
1786194763609,1786194763609_cmd_022,назад,raw_mix123,clean_continuous,true,true,unchanged,0.0,
1786194763609,1786194763609_cmd_022,назад,raw_mix123,production_like,true,true,unchanged,-79.99999999999818,
1786194763609,1786194763609_cmd_022,назад,webrtc_moderate,clean_continuous,true,true,unchanged,0.0,
1786194763609,1786194763609_cmd_022,назад,webrtc_moderate,production_like,true,true,unchanged,-79.99999999999818,
1786194763609,1786194763609_cmd_023,печать,hpf80_mix123,clean_continuous,true,true,unchanged,0.0,
1786194763609,1786194763609_cmd_023,печать,hpf80_mix123,production_like,true,true,unchanged,79.99999999999841,
1786194763609,1786194763609_cmd_023,печать,raw_ch3,clean_continuous,true,true,unchanged,0.0,
1786194763609,1786194763609_cmd_023,печать,raw_ch3,production_like,true,true,unchanged,79.99999999999841,
1786194763609,1786194763609_cmd_023,печать,raw_mix123,clean_continuous,true,true,unchanged,0.0,
1786194763609,1786194763609_cmd_023,печать,raw_mix123,production_like,true,true,unchanged,79.99999999999841,
1786194763609,1786194763609_cmd_023,печать,webrtc_moderate,clean_continuous,true,true,unchanged,0.0,
1786194763609,1786194763609_cmd_023,печать,webrtc_moderate,production_like,true,true,unchanged,99.99999999999432,
1786194763609,1786194763609_cmd_024,печать,hpf80_mix123,clean_continuous,true,true,unchanged,0.0,
1786194763609,1786194763609_cmd_024,печать,hpf80_mix123,production_like,true,true,unchanged,79.9999999999983,
1786194763609,1786194763609_cmd_024,печать,raw_ch3,clean_continuous,true,true,unchanged,0.0,
1786194763609,1786194763609_cmd_024,печать,raw_ch3,production_like,true,true,unchanged,79.9999999999983,
1786194763609,1786194763609_cmd_024,печать,raw_mix123,clean_continuous,true,true,unchanged,0.0,
1786194763609,1786194763609_cmd_024,печать,raw_mix123,production_like,true,true,unchanged,79.9999999999983,
1786194763609,1786194763609_cmd_024,печать,webrtc_moderate,clean_continuous,true,true,unchanged,0.0,
1786194763609,1786194763609_cmd_024,печать,webrtc_moderate,production_like,true,true,slower_stable_partial,119.99999999999034,
1786194763609,1786194763609_cmd_025,жёлтый,hpf80_mix123,clean_continuous,true,true,unchanged,0.0,
1786194763609,1786194763609_cmd_025,жёлтый,hpf80_mix123,production_like,true,true,unchanged,-79.9999999999983,
1786194763609,1786194763609_cmd_025,жёлтый,raw_ch3,clean_continuous,true,true,unchanged,0.0,
1786194763609,1786194763609_cmd_025,жёлтый,raw_ch3,production_like,true,true,unchanged,-79.9999999999983,
1786194763609,1786194763609_cmd_025,жёлтый,raw_mix123,clean_continuous,true,true,unchanged,0.0,
1786194763609,1786194763609_cmd_025,жёлтый,raw_mix123,production_like,true,true,unchanged,-79.9999999999983,
1786194763609,1786194763609_cmd_025,жёлтый,webrtc_moderate,clean_continuous,true,true,faster_stable_partial,-240.0000000000091,
1786194763609,1786194763609_cmd_025,жёлтый,webrtc_moderate,production_like,true,true,unchanged,-39.99999999999204,
1786194763609,1786194763609_cmd_026,жёлтый,hpf80_mix123,clean_continuous,true,true,unchanged,0.0,
1786194763609,1786194763609_cmd_026,жёлтый,hpf80_mix123,production_like,true,true,unchanged,60.000000000002274,
1786194763609,1786194763609_cmd_026,жёлтый,raw_ch3,clean_continuous,true,true,unchanged,0.0,
1786194763609,1786194763609_cmd_026,жёлтый,raw_ch3,production_like,true,true,unchanged,60.000000000002274,
1786194763609,1786194763609_cmd_026,жёлтый,raw_mix123,clean_continuous,true,true,unchanged,0.0,
1786194763609,1786194763609_cmd_026,жёлтый,raw_mix123,production_like,true,true,unchanged,60.000000000002274,
1786194763609,1786194763609_cmd_026,жёлтый,webrtc_moderate,clean_continuous,true,true,unchanged,0.0,
1786194763609,1786194763609_cmd_026,жёлтый,webrtc_moderate,production_like,true,true,unchanged,99.99999999999432,
1786194763609,1786194763609_cmd_027,жёлтый,hpf80_mix123,clean_continuous,true,true,unchanged,0.0,
1786194763609,1786194763609_cmd_027,жёлтый,hpf80_mix123,production_like,true,true,faster_stable_partial,-179.9999999999926,
1786194763609,1786194763609_cmd_027,жёлтый,raw_ch3,clean_continuous,true,true,faster_stable_partial,-240.0000000000091,
1786194763609,1786194763609_cmd_027,жёлтый,raw_ch3,production_like,true,true,faster_stable_partial,-179.9999999999926,
1786194763609,1786194763609_cmd_027,жёлтый,raw_mix123,clean_continuous,true,true,unchanged,0.0,
1786194763609,1786194763609_cmd_027,жёлтый,raw_mix123,production_like,true,true,faster_stable_partial,-179.9999999999926,
1786194763609,1786194763609_cmd_027,жёлтый,webrtc_moderate,clean_continuous,true,true,faster_stable_partial,-240.0000000000091,
1786194763609,1786194763609_cmd_027,жёлтый,webrtc_moderate,production_like,true,true,faster_stable_partial,-140.00000000000057,
1786194763609,1786194763609_cmd_028,белый,hpf80_mix123,clean_continuous,true,true,unchanged,0.0,
1786194763609,1786194763609_cmd_028,белый,hpf80_mix123,production_like,true,true,faster_stable_partial,-180.00000000000682,
1786194763609,1786194763609_cmd_028,белый,raw_ch3,clean_continuous,true,true,unchanged,0.0,
1786194763609,1786194763609_cmd_028,белый,raw_ch3,production_like,true,true,faster_stable_partial,-180.00000000000682,
1786194763609,1786194763609_cmd_028,белый,raw_mix123,clean_continuous,true,true,unchanged,0.0,
1786194763609,1786194763609_cmd_028,белый,raw_mix123,production_like,true,true,faster_stable_partial,-180.00000000000682,
1786194763609,1786194763609_cmd_028,белый,webrtc_moderate,clean_continuous,true,true,unchanged,0.0,
1786194763609,1786194763609_cmd_028,белый,webrtc_moderate,production_like,true,true,faster_stable_partial,-120.00000000000455,
1786194763609,1786194763609_cmd_029,назад,hpf80_mix123,clean_continuous,true,true,unchanged,0.0,
1786194763609,1786194763609_cmd_029,назад,hpf80_mix123,production_like,true,true,unchanged,0.0,
1786194763609,1786194763609_cmd_029,назад,raw_ch3,clean_continuous,true,true,unchanged,0.0,
1786194763609,1786194763609_cmd_029,назад,raw_ch3,production_like,true,true,unchanged,0.0,
1786194763609,1786194763609_cmd_029,назад,raw_mix123,clean_continuous,true,true,unchanged,0.0,
1786194763609,1786194763609_cmd_029,назад,raw_mix123,production_like,true,true,unchanged,0.0,
1786194763609,1786194763609_cmd_029,назад,webrtc_moderate,clean_continuous,true,true,unchanged,0.0,
1786194763609,1786194763609_cmd_029,назад,webrtc_moderate,production_like,true,true,slower_stable_partial,140.00000000000057,
1786194763609,1786194763609_cmd_030,назад,hpf80_mix123,clean_continuous,true,true,unchanged,0.0,
1786194763609,1786194763609_cmd_030,назад,hpf80_mix123,production_like,true,true,unchanged,-39.99999999999204,
1786194763609,1786194763609_cmd_030,назад,raw_ch3,clean_continuous,true,true,unchanged,0.0,
1786194763609,1786194763609_cmd_030,назад,raw_ch3,production_like,true,true,unchanged,-39.99999999999204,
1786194763609,1786194763609_cmd_030,назад,raw_mix123,clean_continuous,true,true,unchanged,0.0,
1786194763609,1786194763609_cmd_030,назад,raw_mix123,production_like,true,true,unchanged,-39.99999999999204,
1786194763609,1786194763609_cmd_030,назад,webrtc_moderate,clean_continuous,true,true,unchanged,0.0,
1786194763609,1786194763609_cmd_030,назад,webrtc_moderate,production_like,true,true,unchanged,19.99999999999602,
1786194763609,1786194763609_cmd_031,назад,hpf80_mix123,clean_continuous,true,true,unchanged,0.0,
1786194763609,1786194763609_cmd_031,назад,hpf80_mix123,production_like,true,true,unchanged,,
1786194763609,1786194763609_cmd_031,назад,raw_ch3,clean_continuous,true,true,unchanged,0.0,
1786194763609,1786194763609_cmd_031,назад,raw_ch3,production_like,true,true,unchanged,,
1786194763609,1786194763609_cmd_031,назад,raw_mix123,clean_continuous,true,true,unchanged,0.0,
1786194763609,1786194763609_cmd_031,назад,raw_mix123,production_like,true,true,unchanged,,
1786194763609,1786194763609_cmd_031,назад,webrtc_moderate,clean_continuous,true,true,unchanged,0.0,
1786194763609,1786194763609_cmd_031,назад,webrtc_moderate,production_like,true,true,unchanged,,
1786194763609,1786194763609_cmd_032,доступность,hpf80_mix123,clean_continuous,true,true,unchanged,0.0,
1786194763609,1786194763609_cmd_032,доступность,hpf80_mix123,production_like,true,true,slower_stable_partial,200.00000000000284,
1786194763609,1786194763609_cmd_032,доступность,raw_ch3,clean_continuous,true,true,unchanged,0.0,
1786194763609,1786194763609_cmd_032,доступность,raw_ch3,production_like,true,true,slower_stable_partial,200.00000000000284,
1786194763609,1786194763609_cmd_032,доступность,raw_mix123,clean_continuous,true,true,unchanged,0.0,
1786194763609,1786194763609_cmd_032,доступность,raw_mix123,production_like,true,true,slower_stable_partial,200.00000000000284,
1786194763609,1786194763609_cmd_032,доступность,webrtc_moderate,clean_continuous,true,true,unchanged,0.0,
1786194763609,1786194763609_cmd_032,доступность,webrtc_moderate,production_like,true,true,unchanged,19.99999999999602,
1786194763609,1786194763609_cmd_033,список,hpf80_mix123,clean_continuous,true,true,unchanged,0.0,
1786194763609,1786194763609_cmd_033,список,hpf80_mix123,production_like,true,true,unchanged,-39.99999999999204,
1786194763609,1786194763609_cmd_033,список,raw_ch3,clean_continuous,true,true,unchanged,0.0,
1786194763609,1786194763609_cmd_033,список,raw_ch3,production_like,true,true,unchanged,-39.99999999999204,
1786194763609,1786194763609_cmd_033,список,raw_mix123,clean_continuous,true,true,unchanged,0.0,
1786194763609,1786194763609_cmd_033,список,raw_mix123,production_like,true,true,unchanged,-39.99999999999204,
1786194763609,1786194763609_cmd_033,список,webrtc_moderate,clean_continuous,true,true,unchanged,0.0,
1786194763609,1786194763609_cmd_033,список,webrtc_moderate,production_like,true,true,faster_stable_partial,-139.99999999998636,
1786194763609,1786194763609_cmd_034,назад,hpf80_mix123,clean_continuous,true,true,unchanged,0.0,
1786194763609,1786194763609_cmd_034,назад,hpf80_mix123,production_like,true,true,unchanged,99.99999999999432,
1786194763609,1786194763609_cmd_034,назад,raw_ch3,clean_continuous,true,true,unchanged,0.0,
1786194763609,1786194763609_cmd_034,назад,raw_ch3,production_like,true,true,unchanged,99.99999999999432,
1786194763609,1786194763609_cmd_034,назад,raw_mix123,clean_continuous,true,true,unchanged,0.0,
1786194763609,1786194763609_cmd_034,назад,raw_mix123,production_like,true,true,unchanged,99.99999999999432,
1786194763609,1786194763609_cmd_034,назад,webrtc_moderate,clean_continuous,true,true,unchanged,0.0,
1786194763609,1786194763609_cmd_034,назад,webrtc_moderate,production_like,true,true,unchanged,0.0,
1786194763609,1786194763609_cmd_035,список,hpf80_mix123,clean_continuous,true,true,unchanged,0.0,
1786194763609,1786194763609_cmd_035,список,hpf80_mix123,production_like,true,true,slower_stable_partial,240.0000000000091,
1786194763609,1786194763609_cmd_035,список,raw_ch3,clean_continuous,true,true,unchanged,0.0,
1786194763609,1786194763609_cmd_035,список,raw_ch3,production_like,true,true,slower_stable_partial,240.0000000000091,
1786194763609,1786194763609_cmd_035,список,raw_mix123,clean_continuous,true,true,unchanged,0.0,
1786194763609,1786194763609_cmd_035,список,raw_mix123,production_like,true,true,slower_stable_partial,240.0000000000091,
1786194763609,1786194763609_cmd_035,список,webrtc_moderate,clean_continuous,true,true,unchanged,0.0,
1786194763609,1786194763609_cmd_035,список,webrtc_moderate,production_like,true,true,unchanged,,
1786194763609,1786194763609_cmd_036,безалкогольное,hpf80_mix123,clean_continuous,true,true,unchanged,0.0,
1786194763609,1786194763609_cmd_036,безалкогольное,hpf80_mix123,production_like,true,true,faster_stable_partial,-120.00000000000455,
1786194763609,1786194763609_cmd_036,безалкогольное,raw_ch3,clean_continuous,true,true,unchanged,0.0,
1786194763609,1786194763609_cmd_036,безалкогольное,raw_ch3,production_like,true,true,faster_stable_partial,-120.00000000000455,
1786194763609,1786194763609_cmd_036,безалкогольное,raw_mix123,clean_continuous,true,true,unchanged,0.0,
1786194763609,1786194763609_cmd_036,безалкогольное,raw_mix123,production_like,true,true,faster_stable_partial,-120.00000000000455,
1786194763609,1786194763609_cmd_036,безалкогольное,webrtc_moderate,clean_continuous,true,true,unchanged,0.0,
1786194763609,1786194763609_cmd_036,безалкогольное,webrtc_moderate,production_like,true,true,unchanged,20.000000000010232,
1786194763609,1786194763609_cmd_037,святой,hpf80_mix123,clean_continuous,true,true,faster_stable_partial,-239.99999999998067,
1786194763609,1786194763609_cmd_037,святой,hpf80_mix123,production_like,true,true,unchanged,79.99999999998408,
1786194763609,1786194763609_cmd_037,святой,raw_ch3,clean_continuous,true,true,faster_stable_partial,-239.99999999998067,
1786194763609,1786194763609_cmd_037,святой,raw_ch3,production_like,true,true,unchanged,79.99999999998408,
1786194763609,1786194763609_cmd_037,святой,raw_mix123,clean_continuous,true,true,unchanged,0.0,
1786194763609,1786194763609_cmd_037,святой,raw_mix123,production_like,true,true,unchanged,79.99999999998408,
1786194763609,1786194763609_cmd_037,святой,webrtc_moderate,clean_continuous,true,true,faster_stable_partial,-239.99999999998067,
1786194763609,1786194763609_cmd_037,святой,webrtc_moderate,production_like,true,true,slower_stable_partial,219.99999999999886,
1786194763609,1786194763609_cmd_038,источник,hpf80_mix123,clean_continuous,true,true,unchanged,0.0,
1786194763609,1786194763609_cmd_038,источник,hpf80_mix123,production_like,true,false,regressed_from_legacy,,
1786194763609,1786194763609_cmd_038,источник,raw_ch3,clean_continuous,true,true,unchanged,0.0,
1786194763609,1786194763609_cmd_038,источник,raw_ch3,production_like,true,true,added_wrong_partial,,
1786194763609,1786194763609_cmd_038,источник,raw_mix123,clean_continuous,true,true,unchanged,0.0,
1786194763609,1786194763609_cmd_038,источник,raw_mix123,production_like,true,false,regressed_from_legacy,,
1786194763609,1786194763609_cmd_038,источник,webrtc_moderate,clean_continuous,true,true,unchanged,0.0,
1786194763609,1786194763609_cmd_038,источник,webrtc_moderate,production_like,true,true,unchanged,,
1786194763609,1786194763609_cmd_039,назад,hpf80_mix123,clean_continuous,true,true,unchanged,0.0,
1786194763609,1786194763609_cmd_039,назад,hpf80_mix123,production_like,true,true,unchanged,80.0000000000125,
1786194763609,1786194763609_cmd_039,назад,raw_ch3,clean_continuous,true,true,unchanged,0.0,
1786194763609,1786194763609_cmd_039,назад,raw_ch3,production_like,true,true,unchanged,80.0000000000125,
1786194763609,1786194763609_cmd_039,назад,raw_mix123,clean_continuous,true,true,unchanged,0.0,
1786194763609,1786194763609_cmd_039,назад,raw_mix123,production_like,true,true,unchanged,80.0000000000125,
1786194763609,1786194763609_cmd_039,назад,webrtc_moderate,clean_continuous,true,true,unchanged,0.0,
1786194763609,1786194763609_cmd_039,назад,webrtc_moderate,production_like,true,true,unchanged,,
1786194763609,1786194763609_cmd_040,напитки,hpf80_mix123,clean_continuous,true,true,unchanged,0.0,
1786194763609,1786194763609_cmd_040,напитки,hpf80_mix123,production_like,true,true,unchanged,80.0000000000125,
1786194763609,1786194763609_cmd_040,напитки,raw_ch3,clean_continuous,true,true,unchanged,0.0,
1786194763609,1786194763609_cmd_040,напитки,raw_ch3,production_like,true,true,unchanged,80.0000000000125,
1786194763609,1786194763609_cmd_040,напитки,raw_mix123,clean_continuous,true,true,unchanged,0.0,
1786194763609,1786194763609_cmd_040,напитки,raw_mix123,production_like,true,true,unchanged,80.0000000000125,
1786194763609,1786194763609_cmd_040,напитки,webrtc_moderate,clean_continuous,true,true,unchanged,0.0,
1786194763609,1786194763609_cmd_040,напитки,webrtc_moderate,production_like,true,true,unchanged,-19.99999999998181,
1786194763609,1786194763609_cmd_041,назад,hpf80_mix123,clean_continuous,true,true,unchanged,0.0,
1786194763609,1786194763609_cmd_041,назад,hpf80_mix123,production_like,true,true,unchanged,20.000000000010232,
1786194763609,1786194763609_cmd_041,назад,raw_ch3,clean_continuous,true,true,unchanged,0.0,
1786194763609,1786194763609_cmd_041,назад,raw_ch3,production_like,true,true,unchanged,20.000000000010232,
1786194763609,1786194763609_cmd_041,назад,raw_mix123,clean_continuous,true,true,unchanged,0.0,
1786194763609,1786194763609_cmd_041,назад,raw_mix123,production_like,true,true,unchanged,20.000000000010232,
1786194763609,1786194763609_cmd_041,назад,webrtc_moderate,clean_continuous,true,true,unchanged,0.0,
1786194763609,1786194763609_cmd_041,назад,webrtc_moderate,production_like,true,true,unchanged,0.0,
1786194978795,1786194978795_cmd_001,вниз,hpf80_mix123,clean_continuous,true,true,unchanged,0.0,
1786194978795,1786194978795_cmd_001,вниз,hpf80_mix123,production_like,true,true,unchanged,-39.99999999999909,
1786194978795,1786194978795_cmd_001,вниз,raw_ch3,clean_continuous,true,true,unchanged,0.0,
1786194978795,1786194978795_cmd_001,вниз,raw_ch3,production_like,true,true,unchanged,-39.99999999999909,
1786194978795,1786194978795_cmd_001,вниз,raw_mix123,clean_continuous,true,true,unchanged,0.0,
1786194978795,1786194978795_cmd_001,вниз,raw_mix123,production_like,true,true,unchanged,-39.99999999999909,
1786194978795,1786194978795_cmd_001,вниз,webrtc_moderate,clean_continuous,true,true,unchanged,0.0,
1786194978795,1786194978795_cmd_001,вниз,webrtc_moderate,production_like,true,true,unchanged,0.0,
1786194978795,1786194978795_cmd_002,вниз,hpf80_mix123,clean_continuous,true,true,unchanged,0.0,
1786194978795,1786194978795_cmd_002,вниз,hpf80_mix123,production_like,true,true,unchanged,-40.00000000000273,
1786194978795,1786194978795_cmd_002,вниз,raw_ch3,clean_continuous,true,true,unchanged,0.0,
1786194978795,1786194978795_cmd_002,вниз,raw_ch3,production_like,true,true,unchanged,-40.00000000000273,
1786194978795,1786194978795_cmd_002,вниз,raw_mix123,clean_continuous,true,true,unchanged,0.0,
1786194978795,1786194978795_cmd_002,вниз,raw_mix123,production_like,true,true,unchanged,-40.00000000000273,
1786194978795,1786194978795_cmd_002,вниз,webrtc_moderate,clean_continuous,true,true,unchanged,0.0,
1786194978795,1786194978795_cmd_002,вниз,webrtc_moderate,production_like,true,true,unchanged,0.0,
1786194978795,1786194978795_cmd_003,вниз,hpf80_mix123,clean_continuous,true,true,unchanged,0.0,
1786194978795,1786194978795_cmd_003,вниз,hpf80_mix123,production_like,true,true,unchanged,-39.99999999999909,
1786194978795,1786194978795_cmd_003,вниз,raw_ch3,clean_continuous,true,true,unchanged,0.0,
1786194978795,1786194978795_cmd_003,вниз,raw_ch3,production_like,true,true,unchanged,-39.99999999999909,
1786194978795,1786194978795_cmd_003,вниз,raw_mix123,clean_continuous,true,true,unchanged,0.0,
1786194978795,1786194978795_cmd_003,вниз,raw_mix123,production_like,true,true,unchanged,-39.99999999999909,
1786194978795,1786194978795_cmd_003,вниз,webrtc_moderate,clean_continuous,true,true,unchanged,0.0,
1786194978795,1786194978795_cmd_003,вниз,webrtc_moderate,production_like,true,true,unchanged,0.0,
1786194978795,1786194978795_cmd_004,вверх,hpf80_mix123,clean_continuous,true,true,unchanged,0.0,
1786194978795,1786194978795_cmd_004,вверх,hpf80_mix123,production_like,true,true,removed_wrong_partial,-39.999999999999204,
1786194978795,1786194978795_cmd_004,вверх,raw_ch3,clean_continuous,true,true,unchanged,0.0,
1786194978795,1786194978795_cmd_004,вверх,raw_ch3,production_like,true,true,removed_wrong_partial,-39.999999999999204,
1786194978795,1786194978795_cmd_004,вверх,raw_mix123,clean_continuous,true,true,unchanged,0.0,
1786194978795,1786194978795_cmd_004,вверх,raw_mix123,production_like,true,true,removed_wrong_partial,-39.999999999999204,
1786194978795,1786194978795_cmd_004,вверх,webrtc_moderate,clean_continuous,true,true,unchanged,0.0,
1786194978795,1786194978795_cmd_004,вверх,webrtc_moderate,production_like,true,true,unchanged,0.0,
1786194978795,1786194978795_cmd_005,вверх,hpf80_mix123,clean_continuous,true,true,unchanged,0.0,
1786194978795,1786194978795_cmd_005,вверх,hpf80_mix123,production_like,true,true,unchanged,,
1786194978795,1786194978795_cmd_005,вверх,raw_ch3,clean_continuous,true,true,unchanged,0.0,
1786194978795,1786194978795_cmd_005,вверх,raw_ch3,production_like,true,true,unchanged,,
1786194978795,1786194978795_cmd_005,вверх,raw_mix123,clean_continuous,true,true,unchanged,0.0,
1786194978795,1786194978795_cmd_005,вверх,raw_mix123,production_like,true,true,unchanged,,
1786194978795,1786194978795_cmd_005,вверх,webrtc_moderate,clean_continuous,true,true,unchanged,0.0,
1786194978795,1786194978795_cmd_005,вверх,webrtc_moderate,production_like,true,true,unchanged,,
1786194978795,1786194978795_cmd_006,вверх,hpf80_mix123,clean_continuous,true,true,unchanged,0.0,
1786194978795,1786194978795_cmd_006,вверх,hpf80_mix123,production_like,true,true,slower_stable_partial,199.99999999999932,
1786194978795,1786194978795_cmd_006,вверх,raw_ch3,clean_continuous,true,true,faster_stable_partial,-240.00000000000205,
1786194978795,1786194978795_cmd_006,вверх,raw_ch3,production_like,true,true,unchanged,-40.00000000000267,
1786194978795,1786194978795_cmd_006,вверх,raw_mix123,clean_continuous,true,true,unchanged,0.0,
1786194978795,1786194978795_cmd_006,вверх,raw_mix123,production_like,true,true,slower_stable_partial,199.99999999999932,
1786194978795,1786194978795_cmd_006,вверх,webrtc_moderate,clean_continuous,true,true,unchanged,0.0,
1786194978795,1786194978795_cmd_006,вверх,webrtc_moderate,production_like,true,true,unchanged,0.0,
1786194978795,1786194978795_cmd_007,вверх,hpf80_mix123,clean_continuous,true,true,unchanged,0.0,
1786194978795,1786194978795_cmd_007,вверх,hpf80_mix123,production_like,true,true,unchanged,-39.999999999999204,
1786194978795,1786194978795_cmd_007,вверх,raw_ch3,clean_continuous,true,true,unchanged,0.0,
1786194978795,1786194978795_cmd_007,вверх,raw_ch3,production_like,true,true,unchanged,-39.999999999999204,
1786194978795,1786194978795_cmd_007,вверх,raw_mix123,clean_continuous,true,true,unchanged,0.0,
1786194978795,1786194978795_cmd_007,вверх,raw_mix123,production_like,true,true,slower_stable_partial,199.99999999999926,
1786194978795,1786194978795_cmd_007,вверх,webrtc_moderate,clean_continuous,true,true,unchanged,0.0,
1786194978795,1786194978795_cmd_007,вверх,webrtc_moderate,production_like,true,true,unchanged,0.0,
1786194978795,1786194978795_cmd_008,вниз,hpf80_mix123,clean_continuous,true,true,unchanged,0.0,
1786194978795,1786194978795_cmd_008,вниз,hpf80_mix123,production_like,true,true,unchanged,-39.99999999999909,
1786194978795,1786194978795_cmd_008,вниз,raw_ch3,clean_continuous,true,true,unchanged,0.0,
1786194978795,1786194978795_cmd_008,вниз,raw_ch3,production_like,true,true,unchanged,-39.99999999999909,
1786194978795,1786194978795_cmd_008,вниз,raw_mix123,clean_continuous,true,true,unchanged,0.0,
1786194978795,1786194978795_cmd_008,вниз,raw_mix123,production_like,true,true,unchanged,-39.99999999999909,
1786194978795,1786194978795_cmd_008,вниз,webrtc_moderate,clean_continuous,true,true,unchanged,0.0,
1786194978795,1786194978795_cmd_008,вниз,webrtc_moderate,production_like,true,true,unchanged,0.0,
1786194978795,1786194978795_cmd_009,печать,hpf80_mix123,clean_continuous,true,true,unchanged,0.0,
1786194978795,1786194978795_cmd_009,печать,hpf80_mix123,production_like,true,true,added_wrong_partial,-39.999999999999204,
1786194978795,1786194978795_cmd_009,печать,raw_ch3,clean_continuous,true,true,faster_stable_partial,-239.9999999999984,
1786194978795,1786194978795_cmd_009,печать,raw_ch3,production_like,true,true,added_wrong_partial,-39.999999999999204,
1786194978795,1786194978795_cmd_009,печать,raw_mix123,clean_continuous,true,true,unchanged,0.0,
1786194978795,1786194978795_cmd_009,печать,raw_mix123,production_like,true,true,added_wrong_partial,-39.999999999999204,
1786194978795,1786194978795_cmd_009,печать,webrtc_moderate,clean_continuous,true,true,unchanged,0.0,
1786194978795,1786194978795_cmd_009,печать,webrtc_moderate,production_like,true,true,added_wrong_partial,0.0,
1786194978795,1786194978795_cmd_010,жёлтый,hpf80_mix123,clean_continuous,true,true,unchanged,0.0,
1786194978795,1786194978795_cmd_010,жёлтый,hpf80_mix123,production_like,true,true,slower_stable_partial,199.9999999999958,
1786194978795,1786194978795_cmd_010,жёлтый,raw_ch3,clean_continuous,true,true,unchanged,0.0,
1786194978795,1786194978795_cmd_010,жёлтый,raw_ch3,production_like,true,true,unchanged,-39.99999999999915,
1786194978795,1786194978795_cmd_010,жёлтый,raw_mix123,clean_continuous,true,true,unchanged,0.0,
1786194978795,1786194978795_cmd_010,жёлтый,raw_mix123,production_like,true,true,slower_stable_partial,199.9999999999958,
1786194978795,1786194978795_cmd_010,жёлтый,webrtc_moderate,clean_continuous,true,true,unchanged,0.0,
1786194978795,1786194978795_cmd_010,жёлтый,webrtc_moderate,production_like,true,true,unchanged,0.0,
1786194978795,1786194978795_cmd_011,жёлтый,hpf80_mix123,clean_continuous,true,true,unchanged,0.0,
1786194978795,1786194978795_cmd_011,жёлтый,hpf80_mix123,production_like,true,true,unchanged,,
1786194978795,1786194978795_cmd_011,жёлтый,raw_ch3,clean_continuous,true,true,unchanged,0.0,
1786194978795,1786194978795_cmd_011,жёлтый,raw_ch3,production_like,true,true,unchanged,,
1786194978795,1786194978795_cmd_011,жёлтый,raw_mix123,clean_continuous,true,true,unchanged,0.0,
1786194978795,1786194978795_cmd_011,жёлтый,raw_mix123,production_like,true,true,unchanged,,
1786194978795,1786194978795_cmd_011,жёлтый,webrtc_moderate,clean_continuous,true,true,unchanged,0.0,
1786194978795,1786194978795_cmd_011,жёлтый,webrtc_moderate,production_like,true,true,unchanged,,
1786194978795,1786194978795_cmd_012,жёлтый,hpf80_mix123,clean_continuous,true,true,unchanged,0.0,
1786194978795,1786194978795_cmd_012,жёлтый,hpf80_mix123,production_like,true,true,unchanged,-39.99999999999915,
1786194978795,1786194978795_cmd_012,жёлтый,raw_ch3,clean_continuous,true,true,unchanged,0.0,
1786194978795,1786194978795_cmd_012,жёлтый,raw_ch3,production_like,true,true,unchanged,-39.99999999999915,
1786194978795,1786194978795_cmd_012,жёлтый,raw_mix123,clean_continuous,true,true,unchanged,0.0,
1786194978795,1786194978795_cmd_012,жёлтый,raw_mix123,production_like,true,true,unchanged,-39.99999999999915,
1786194978795,1786194978795_cmd_012,жёлтый,webrtc_moderate,clean_continuous,true,true,unchanged,0.0,
1786194978795,1786194978795_cmd_012,жёлтый,webrtc_moderate,production_like,true,true,unchanged,0.0,
1786194978795,1786194978795_cmd_013,жёлтый,hpf80_mix123,clean_continuous,true,true,unchanged,0.0,
1786194978795,1786194978795_cmd_013,жёлтый,hpf80_mix123,production_like,true,true,unchanged,-39.99999999999915,
1786194978795,1786194978795_cmd_013,жёлтый,raw_ch3,clean_continuous,true,true,unchanged,0.0,
1786194978795,1786194978795_cmd_013,жёлтый,raw_ch3,production_like,true,true,unchanged,-39.99999999999915,
1786194978795,1786194978795_cmd_013,жёлтый,raw_mix123,clean_continuous,true,true,unchanged,0.0,
1786194978795,1786194978795_cmd_013,жёлтый,raw_mix123,production_like,true,true,unchanged,-39.99999999999915,
1786194978795,1786194978795_cmd_013,жёлтый,webrtc_moderate,clean_continuous,true,true,unchanged,0.0,
1786194978795,1786194978795_cmd_013,жёлтый,webrtc_moderate,production_like,true,true,unchanged,0.0,
1786194978795,1786194978795_cmd_014,жёлтый,hpf80_mix123,clean_continuous,true,true,faster_stable_partial,-240.00000000000193,
1786194978795,1786194978795_cmd_014,жёлтый,hpf80_mix123,production_like,true,true,slower_stable_partial,200.00000000000284,
1786194978795,1786194978795_cmd_014,жёлтый,raw_ch3,clean_continuous,true,true,faster_stable_partial,-240.00000000000193,
1786194978795,1786194978795_cmd_014,жёлтый,raw_ch3,production_like,true,true,unchanged,-39.99999999999915,
1786194978795,1786194978795_cmd_014,жёлтый,raw_mix123,clean_continuous,true,true,faster_stable_partial,-240.00000000000193,
1786194978795,1786194978795_cmd_014,жёлтый,raw_mix123,production_like,true,true,slower_stable_partial,200.00000000000284,
1786194978795,1786194978795_cmd_014,жёлтый,webrtc_moderate,clean_continuous,true,true,faster_stable_partial,-240.00000000000193,
1786194978795,1786194978795_cmd_014,жёлтый,webrtc_moderate,production_like,true,true,unchanged,0.0,
1786194978795,1786194978795_cmd_015,жёлтый,hpf80_mix123,clean_continuous,true,true,faster_stable_partial,-240.000000000002,
1786194978795,1786194978795_cmd_015,жёлтый,hpf80_mix123,production_like,true,true,unchanged,-39.99999999999915,
1786194978795,1786194978795_cmd_015,жёлтый,raw_ch3,clean_continuous,true,true,faster_stable_partial,-240.000000000002,
1786194978795,1786194978795_cmd_015,жёлтый,raw_ch3,production_like,true,true,unchanged,-39.99999999999915,
1786194978795,1786194978795_cmd_015,жёлтый,raw_mix123,clean_continuous,true,true,faster_stable_partial,-240.000000000002,
1786194978795,1786194978795_cmd_015,жёлтый,raw_mix123,production_like,true,true,unchanged,-39.99999999999915,
1786194978795,1786194978795_cmd_015,жёлтый,webrtc_moderate,clean_continuous,true,true,faster_stable_partial,-240.000000000002,
1786194978795,1786194978795_cmd_015,жёлтый,webrtc_moderate,production_like,true,true,unchanged,0.0,
1786194978795,1786194978795_cmd_016,жёлтый,hpf80_mix123,clean_continuous,true,true,unchanged,0.0,
1786194978795,1786194978795_cmd_016,жёлтый,hpf80_mix123,production_like,true,true,unchanged,-39.99999999999915,
1786194978795,1786194978795_cmd_016,жёлтый,raw_ch3,clean_continuous,true,true,unchanged,0.0,
1786194978795,1786194978795_cmd_016,жёлтый,raw_ch3,production_like,true,true,unchanged,-39.99999999999915,
1786194978795,1786194978795_cmd_016,жёлтый,raw_mix123,clean_continuous,true,true,unchanged,0.0,
1786194978795,1786194978795_cmd_016,жёлтый,raw_mix123,production_like,true,true,unchanged,-39.99999999999915,
1786194978795,1786194978795_cmd_016,жёлтый,webrtc_moderate,clean_continuous,true,true,unchanged,0.0,
1786194978795,1786194978795_cmd_016,жёлтый,webrtc_moderate,production_like,true,true,unchanged,0.0,
1786194978795,1786194978795_cmd_017,жёлтый,hpf80_mix123,clean_continuous,true,true,unchanged,0.0,
1786194978795,1786194978795_cmd_017,жёлтый,hpf80_mix123,production_like,true,true,unchanged,-39.99999999999909,
1786194978795,1786194978795_cmd_017,жёлтый,raw_ch3,clean_continuous,true,true,unchanged,0.0,
1786194978795,1786194978795_cmd_017,жёлтый,raw_ch3,production_like,true,true,unchanged,-39.99999999999909,
1786194978795,1786194978795_cmd_017,жёлтый,raw_mix123,clean_continuous,true,true,unchanged,0.0,
1786194978795,1786194978795_cmd_017,жёлтый,raw_mix123,production_like,true,true,unchanged,-39.99999999999909,
1786194978795,1786194978795_cmd_017,жёлтый,webrtc_moderate,clean_continuous,true,true,unchanged,0.0,
1786194978795,1786194978795_cmd_017,жёлтый,webrtc_moderate,production_like,true,true,slower_stable_partial,239.999999999995,
1786194978795,1786194978795_cmd_018,жёлтый,hpf80_mix123,clean_continuous,true,true,unchanged,0.0,
1786194978795,1786194978795_cmd_018,жёлтый,hpf80_mix123,production_like,true,true,unchanged,-39.99999999999915,
1786194978795,1786194978795_cmd_018,жёлтый,raw_ch3,clean_continuous,true,true,unchanged,0.0,
1786194978795,1786194978795_cmd_018,жёлтый,raw_ch3,production_like,true,true,unchanged,-39.99999999999915,
1786194978795,1786194978795_cmd_018,жёлтый,raw_mix123,clean_continuous,true,true,unchanged,0.0,
1786194978795,1786194978795_cmd_018,жёлтый,raw_mix123,production_like,true,true,unchanged,-39.99999999999915,
1786194978795,1786194978795_cmd_018,жёлтый,webrtc_moderate,clean_continuous,true,true,unchanged,0.0,
1786194978795,1786194978795_cmd_018,жёлтый,webrtc_moderate,production_like,true,true,unchanged,0.0,
1786194978795,1786194978795_cmd_019,жёлтый,hpf80_mix123,clean_continuous,true,true,unchanged,0.0,
1786194978795,1786194978795_cmd_019,жёлтый,hpf80_mix123,production_like,true,true,unchanged,-39.99999999999915,
1786194978795,1786194978795_cmd_019,жёлтый,raw_ch3,clean_continuous,true,true,unchanged,0.0,
1786194978795,1786194978795_cmd_019,жёлтый,raw_ch3,production_like,true,true,unchanged,-39.99999999999915,
1786194978795,1786194978795_cmd_019,жёлтый,raw_mix123,clean_continuous,true,true,unchanged,0.0,
1786194978795,1786194978795_cmd_019,жёлтый,raw_mix123,production_like,true,true,unchanged,-39.99999999999915,
1786194978795,1786194978795_cmd_019,жёлтый,webrtc_moderate,clean_continuous,true,true,unchanged,0.0,
1786194978795,1786194978795_cmd_019,жёлтый,webrtc_moderate,production_like,true,true,unchanged,0.0,
1786194978795,1786194978795_cmd_020,белый,hpf80_mix123,clean_continuous,true,true,unchanged,0.0,
1786194978795,1786194978795_cmd_020,белый,hpf80_mix123,production_like,true,true,unchanged,-39.99999999999204,
1786194978795,1786194978795_cmd_020,белый,raw_ch3,clean_continuous,true,true,unchanged,0.0,
1786194978795,1786194978795_cmd_020,белый,raw_ch3,production_like,true,true,unchanged,-39.99999999999204,
1786194978795,1786194978795_cmd_020,белый,raw_mix123,clean_continuous,true,true,unchanged,0.0,
1786194978795,1786194978795_cmd_020,белый,raw_mix123,production_like,true,true,unchanged,-39.99999999999204,
1786194978795,1786194978795_cmd_020,белый,webrtc_moderate,clean_continuous,true,true,unchanged,0.0,
1786194978795,1786194978795_cmd_020,белый,webrtc_moderate,production_like,true,true,unchanged,0.0,
1786194978795,1786194978795_cmd_021,жёлтый,hpf80_mix123,clean_continuous,true,true,unchanged,0.0,
1786194978795,1786194978795_cmd_021,жёлтый,hpf80_mix123,production_like,true,true,unchanged,,
1786194978795,1786194978795_cmd_021,жёлтый,raw_ch3,clean_continuous,true,true,unchanged,0.0,
1786194978795,1786194978795_cmd_021,жёлтый,raw_ch3,production_like,true,true,unchanged,,
1786194978795,1786194978795_cmd_021,жёлтый,raw_mix123,clean_continuous,true,true,unchanged,0.0,
1786194978795,1786194978795_cmd_021,жёлтый,raw_mix123,production_like,true,true,unchanged,,
1786194978795,1786194978795_cmd_021,жёлтый,webrtc_moderate,clean_continuous,true,true,unchanged,0.0,
1786194978795,1786194978795_cmd_021,жёлтый,webrtc_moderate,production_like,true,true,unchanged,0.0,
1786194978795,1786194978795_cmd_022,мобильный,hpf80_mix123,clean_continuous,true,true,unchanged,0.0,
1786194978795,1786194978795_cmd_022,мобильный,hpf80_mix123,production_like,true,true,unchanged,-40.00000000000625,
1786194978795,1786194978795_cmd_022,мобильный,raw_ch3,clean_continuous,true,true,unchanged,0.0,
1786194978795,1786194978795_cmd_022,мобильный,raw_ch3,production_like,true,true,unchanged,-40.00000000000625,
1786194978795,1786194978795_cmd_022,мобильный,raw_mix123,clean_continuous,true,true,unchanged,0.0,
1786194978795,1786194978795_cmd_022,мобильный,raw_mix123,production_like,true,true,unchanged,-40.00000000000625,
1786194978795,1786194978795_cmd_022,мобильный,webrtc_moderate,clean_continuous,true,true,unchanged,0.0,
1786194978795,1786194978795_cmd_022,мобильный,webrtc_moderate,production_like,true,true,unchanged,0.0,
1786194978795,1786194978795_cmd_023,назад,hpf80_mix123,clean_continuous,true,true,unchanged,0.0,
1786194978795,1786194978795_cmd_023,назад,hpf80_mix123,production_like,true,true,unchanged,-40.00000000000625,
1786194978795,1786194978795_cmd_023,назад,raw_ch3,clean_continuous,true,true,unchanged,0.0,
1786194978795,1786194978795_cmd_023,назад,raw_ch3,production_like,true,true,unchanged,-40.00000000000625,
1786194978795,1786194978795_cmd_023,назад,raw_mix123,clean_continuous,true,true,unchanged,0.0,
1786194978795,1786194978795_cmd_023,назад,raw_mix123,production_like,true,true,unchanged,-40.00000000000625,
1786194978795,1786194978795_cmd_023,назад,webrtc_moderate,clean_continuous,true,true,unchanged,0.0,
1786194978795,1786194978795_cmd_023,назад,webrtc_moderate,production_like,true,true,unchanged,0.0,
1786194978795,1786194978795_cmd_024,назад,hpf80_mix123,clean_continuous,true,true,unchanged,0.0,
1786194978795,1786194978795_cmd_024,назад,hpf80_mix123,production_like,true,true,unchanged,-39.99999999999204,
1786194978795,1786194978795_cmd_024,назад,raw_ch3,clean_continuous,true,true,unchanged,0.0,
1786194978795,1786194978795_cmd_024,назад,raw_ch3,production_like,true,true,unchanged,-39.99999999999204,
1786194978795,1786194978795_cmd_024,назад,raw_mix123,clean_continuous,true,true,unchanged,0.0,
1786194978795,1786194978795_cmd_024,назад,raw_mix123,production_like,true,true,unchanged,-39.99999999999204,
1786194978795,1786194978795_cmd_024,назад,webrtc_moderate,clean_continuous,true,true,unchanged,0.0,
1786194978795,1786194978795_cmd_024,назад,webrtc_moderate,production_like,true,true,unchanged,0.0,
1786194978795,1786194978795_cmd_025,назад,hpf80_mix123,clean_continuous,true,true,unchanged,0.0,
1786194978795,1786194978795_cmd_025,назад,hpf80_mix123,production_like,true,true,slower_stable_partial,199.99999999998863,
1786194978795,1786194978795_cmd_025,назад,raw_ch3,clean_continuous,true,true,unchanged,0.0,
1786194978795,1786194978795_cmd_025,назад,raw_ch3,production_like,true,true,slower_stable_partial,199.99999999998863,
1786194978795,1786194978795_cmd_025,назад,raw_mix123,clean_continuous,true,true,unchanged,0.0,
1786194978795,1786194978795_cmd_025,назад,raw_mix123,production_like,true,true,slower_stable_partial,199.99999999998863,
1786194978795,1786194978795_cmd_025,назад,webrtc_moderate,clean_continuous,true,true,unchanged,0.0,
1786194978795,1786194978795_cmd_025,назад,webrtc_moderate,production_like,true,true,unchanged,0.0,
1786194978795,1786194978795_cmd_026,доступность,hpf80_mix123,clean_continuous,true,true,slower_stable_partial,239.99999999999488,
1786194978795,1786194978795_cmd_026,доступность,hpf80_mix123,production_like,true,true,slower_stable_partial,200.00000000000284,
1786194978795,1786194978795_cmd_026,доступность,raw_ch3,clean_continuous,true,true,slower_stable_partial,239.99999999999488,
1786194978795,1786194978795_cmd_026,доступность,raw_ch3,production_like,true,true,slower_stable_partial,200.00000000000284,
1786194978795,1786194978795_cmd_026,доступность,raw_mix123,clean_continuous,true,true,slower_stable_partial,239.99999999999488,
1786194978795,1786194978795_cmd_026,доступность,raw_mix123,production_like,true,true,slower_stable_partial,200.00000000000284,
1786194978795,1786194978795_cmd_026,доступность,webrtc_moderate,clean_continuous,true,true,unchanged,0.0,
1786194978795,1786194978795_cmd_026,доступность,webrtc_moderate,production_like,true,true,slower_stable_partial,239.99999999999488,
1786194978795,1786194978795_cmd_027,доступность,hpf80_mix123,clean_continuous,true,true,unchanged,0.0,
1786194978795,1786194978795_cmd_027,доступность,hpf80_mix123,production_like,true,true,unchanged,-40.00000000000625,
1786194978795,1786194978795_cmd_027,доступность,raw_ch3,clean_continuous,true,true,unchanged,0.0,
1786194978795,1786194978795_cmd_027,доступность,raw_ch3,production_like,true,true,unchanged,-40.00000000000625,
1786194978795,1786194978795_cmd_027,доступность,raw_mix123,clean_continuous,true,true,unchanged,0.0,
1786194978795,1786194978795_cmd_027,доступность,raw_mix123,production_like,true,true,unchanged,-40.00000000000625,
1786194978795,1786194978795_cmd_027,доступность,webrtc_moderate,clean_continuous,true,true,unchanged,0.0,
1786194978795,1786194978795_cmd_027,доступность,webrtc_moderate,production_like,true,true,unchanged,0.0,
1786194978795,1786194978795_cmd_028,доступность,hpf80_mix123,clean_continuous,true,true,unchanged,0.0,
1786194978795,1786194978795_cmd_028,доступность,hpf80_mix123,production_like,true,true,unchanged,,
1786194978795,1786194978795_cmd_028,доступность,raw_ch3,clean_continuous,true,true,unchanged,0.0,
1786194978795,1786194978795_cmd_028,доступность,raw_ch3,production_like,true,true,unchanged,,
1786194978795,1786194978795_cmd_028,доступность,raw_mix123,clean_continuous,true,true,unchanged,0.0,
1786194978795,1786194978795_cmd_028,доступность,raw_mix123,production_like,true,true,unchanged,,
1786194978795,1786194978795_cmd_028,доступность,webrtc_moderate,clean_continuous,true,true,unchanged,0.0,
1786194978795,1786194978795_cmd_028,доступность,webrtc_moderate,production_like,true,true,unchanged,,
1786194978795,1786194978795_cmd_029,доступность,hpf80_mix123,clean_continuous,true,true,unchanged,0.0,
1786194978795,1786194978795_cmd_029,доступность,hpf80_mix123,production_like,true,true,unchanged,-40.00000000000625,
1786194978795,1786194978795_cmd_029,доступность,raw_ch3,clean_continuous,true,true,unchanged,0.0,
1786194978795,1786194978795_cmd_029,доступность,raw_ch3,production_like,true,true,unchanged,-40.00000000000625,
1786194978795,1786194978795_cmd_029,доступность,raw_mix123,clean_continuous,true,true,unchanged,0.0,
1786194978795,1786194978795_cmd_029,доступность,raw_mix123,production_like,true,true,unchanged,-40.00000000000625,
1786194978795,1786194978795_cmd_029,доступность,webrtc_moderate,clean_continuous,true,true,unchanged,0.0,
1786194978795,1786194978795_cmd_029,доступность,webrtc_moderate,production_like,true,true,unchanged,0.0,
1786194978795,1786194978795_cmd_030,доступность,hpf80_mix123,clean_continuous,true,true,unchanged,0.0,
1786194978795,1786194978795_cmd_030,доступность,hpf80_mix123,production_like,true,true,slower_stable_partial,200.00000000000284,
1786194978795,1786194978795_cmd_030,доступность,raw_ch3,clean_continuous,true,true,unchanged,0.0,
1786194978795,1786194978795_cmd_030,доступность,raw_ch3,production_like,true,true,unchanged,-39.99999999999204,
1786194978795,1786194978795_cmd_030,доступность,raw_mix123,clean_continuous,true,true,unchanged,0.0,
1786194978795,1786194978795_cmd_030,доступность,raw_mix123,production_like,true,true,slower_stable_partial,200.00000000000284,
1786194978795,1786194978795_cmd_030,доступность,webrtc_moderate,clean_continuous,true,true,unchanged,0.0,
1786194978795,1786194978795_cmd_030,доступность,webrtc_moderate,production_like,true,true,unchanged,0.0,
1786194978795,1786194978795_cmd_031,доступность,hpf80_mix123,clean_continuous,true,true,unchanged,0.0,
1786194978795,1786194978795_cmd_031,доступность,hpf80_mix123,production_like,true,true,unchanged,-39.99999999999204,
1786194978795,1786194978795_cmd_031,доступность,raw_ch3,clean_continuous,true,true,unchanged,0.0,
1786194978795,1786194978795_cmd_031,доступность,raw_ch3,production_like,true,true,unchanged,-39.99999999999204,
1786194978795,1786194978795_cmd_031,доступность,raw_mix123,clean_continuous,true,true,unchanged,0.0,
1786194978795,1786194978795_cmd_031,доступность,raw_mix123,production_like,true,true,unchanged,-39.99999999999204,
1786194978795,1786194978795_cmd_031,доступность,webrtc_moderate,clean_continuous,true,true,unchanged,0.0,
1786194978795,1786194978795_cmd_031,доступность,webrtc_moderate,production_like,true,true,unchanged,0.0,
1786194978795,1786194978795_cmd_032,доступность,hpf80_mix123,clean_continuous,true,true,unchanged,0.0,
1786194978795,1786194978795_cmd_032,доступность,hpf80_mix123,production_like,true,true,unchanged,-40.00000000000625,
1786194978795,1786194978795_cmd_032,доступность,raw_ch3,clean_continuous,true,true,slower_stable_partial,239.99999999999488,
1786194978795,1786194978795_cmd_032,доступность,raw_ch3,production_like,true,true,unchanged,-40.00000000000625,
1786194978795,1786194978795_cmd_032,доступность,raw_mix123,clean_continuous,true,true,unchanged,0.0,
1786194978795,1786194978795_cmd_032,доступность,raw_mix123,production_like,true,true,unchanged,-40.00000000000625,
1786194978795,1786194978795_cmd_032,доступность,webrtc_moderate,clean_continuous,true,true,unchanged,0.0,
1786194978795,1786194978795_cmd_032,доступность,webrtc_moderate,production_like,true,true,unchanged,0.0,
1786194978795,1786194978795_cmd_033,список,hpf80_mix123,clean_continuous,true,true,unchanged,0.0,
1786194978795,1786194978795_cmd_033,список,hpf80_mix123,production_like,true,true,unchanged,-39.99999999999204,
1786194978795,1786194978795_cmd_033,список,raw_ch3,clean_continuous,true,true,unchanged,0.0,
1786194978795,1786194978795_cmd_033,список,raw_ch3,production_like,true,true,unchanged,-39.99999999999204,
1786194978795,1786194978795_cmd_033,список,raw_mix123,clean_continuous,true,true,unchanged,0.0,
1786194978795,1786194978795_cmd_033,список,raw_mix123,production_like,true,true,unchanged,-39.99999999999204,
1786194978795,1786194978795_cmd_033,список,webrtc_moderate,clean_continuous,true,true,unchanged,0.0,
1786194978795,1786194978795_cmd_033,список,webrtc_moderate,production_like,true,true,unchanged,0.0,
1786194978795,1786194978795_cmd_034,молочная,hpf80_mix123,clean_continuous,true,true,unchanged,0.0,
1786194978795,1786194978795_cmd_034,молочная,hpf80_mix123,production_like,true,true,unchanged,-40.000000000020464,
1786194978795,1786194978795_cmd_034,молочная,raw_ch3,clean_continuous,true,true,unchanged,0.0,
1786194978795,1786194978795_cmd_034,молочная,raw_ch3,production_like,true,true,unchanged,-40.000000000020464,
1786194978795,1786194978795_cmd_034,молочная,raw_mix123,clean_continuous,true,true,unchanged,0.0,
1786194978795,1786194978795_cmd_034,молочная,raw_mix123,production_like,true,true,unchanged,-40.000000000020464,
1786194978795,1786194978795_cmd_034,молочная,webrtc_moderate,clean_continuous,true,true,unchanged,0.0,
1786194978795,1786194978795_cmd_034,молочная,webrtc_moderate,production_like,true,true,unchanged,0.0,
1786194978795,1786194978795_cmd_035,молочная,hpf80_mix123,clean_continuous,true,true,unchanged,0.0,
1786194978795,1786194978795_cmd_035,молочная,hpf80_mix123,production_like,true,true,slower_stable_partial,200.00000000001705,
1786194978795,1786194978795_cmd_035,молочная,raw_ch3,clean_continuous,true,true,unchanged,0.0,
1786194978795,1786194978795_cmd_035,молочная,raw_ch3,production_like,true,true,slower_stable_partial,200.00000000001705,
1786194978795,1786194978795_cmd_035,молочная,raw_mix123,clean_continuous,true,true,unchanged,0.0,
1786194978795,1786194978795_cmd_035,молочная,raw_mix123,production_like,true,true,slower_stable_partial,200.00000000001705,
1786194978795,1786194978795_cmd_035,молочная,webrtc_moderate,clean_continuous,true,true,unchanged,0.0,
1786194978795,1786194978795_cmd_035,молочная,webrtc_moderate,production_like,true,true,unchanged,0.0,
1786194978795,1786194978795_cmd_036,коровка,hpf80_mix123,clean_continuous,true,true,unchanged,0.0,
1786194978795,1786194978795_cmd_036,коровка,hpf80_mix123,production_like,true,true,unchanged,-39.99999999999204,
1786194978795,1786194978795_cmd_036,коровка,raw_ch3,clean_continuous,true,true,unchanged,0.0,
1786194978795,1786194978795_cmd_036,коровка,raw_ch3,production_like,true,true,unchanged,-39.99999999999204,
1786194978795,1786194978795_cmd_036,коровка,raw_mix123,clean_continuous,true,true,unchanged,0.0,
1786194978795,1786194978795_cmd_036,коровка,raw_mix123,production_like,true,true,unchanged,-39.99999999999204,
1786194978795,1786194978795_cmd_036,коровка,webrtc_moderate,clean_continuous,true,true,unchanged,0.0,
1786194978795,1786194978795_cmd_036,коровка,webrtc_moderate,production_like,true,true,unchanged,0.0,
1786194978795,1786194978795_cmd_037,коровка,hpf80_mix123,clean_continuous,true,true,unchanged,0.0,
1786194978795,1786194978795_cmd_037,коровка,hpf80_mix123,production_like,true,true,slower_stable_partial,200.00000000001705,
1786194978795,1786194978795_cmd_037,коровка,raw_ch3,clean_continuous,true,true,unchanged,0.0,
1786194978795,1786194978795_cmd_037,коровка,raw_ch3,production_like,true,true,slower_stable_partial,200.00000000001705,
1786194978795,1786194978795_cmd_037,коровка,raw_mix123,clean_continuous,true,true,unchanged,0.0,
1786194978795,1786194978795_cmd_037,коровка,raw_mix123,production_like,true,true,slower_stable_partial,200.00000000001705,
1786194978795,1786194978795_cmd_037,коровка,webrtc_moderate,clean_continuous,true,true,unchanged,0.0,
1786194978795,1786194978795_cmd_037,коровка,webrtc_moderate,production_like,true,true,unchanged,0.0,
1786194978795,1786194978795_cmd_038,коровка,hpf80_mix123,clean_continuous,true,true,unchanged,0.0,
1786194978795,1786194978795_cmd_038,коровка,hpf80_mix123,production_like,true,true,unchanged,-40.000000000020464,
1786194978795,1786194978795_cmd_038,коровка,raw_ch3,clean_continuous,true,true,unchanged,0.0,
1786194978795,1786194978795_cmd_038,коровка,raw_ch3,production_like,true,true,unchanged,-40.000000000020464,
1786194978795,1786194978795_cmd_038,коровка,raw_mix123,clean_continuous,true,true,unchanged,0.0,
1786194978795,1786194978795_cmd_038,коровка,raw_mix123,production_like,true,true,unchanged,-40.000000000020464,
1786194978795,1786194978795_cmd_038,коровка,webrtc_moderate,clean_continuous,true,true,unchanged,0.0,
1786194978795,1786194978795_cmd_038,коровка,webrtc_moderate,production_like,true,true,unchanged,0.0,
1786194978795,1786194978795_cmd_039,коровка,hpf80_mix123,clean_continuous,false,false,unchanged,,
1786194978795,1786194978795_cmd_039,коровка,hpf80_mix123,production_like,false,false,unchanged,,
1786194978795,1786194978795_cmd_039,коровка,raw_ch3,clean_continuous,false,false,unchanged,,
1786194978795,1786194978795_cmd_039,коровка,raw_ch3,production_like,false,false,unchanged,,
1786194978795,1786194978795_cmd_039,коровка,raw_mix123,clean_continuous,false,false,unchanged,,
1786194978795,1786194978795_cmd_039,коровка,raw_mix123,production_like,false,false,unchanged,,
1786194978795,1786194978795_cmd_039,коровка,webrtc_moderate,clean_continuous,false,false,unchanged,,
1786194978795,1786194978795_cmd_039,коровка,webrtc_moderate,production_like,false,false,unchanged,,
1786194978795,1786194978795_cmd_040,коровка,hpf80_mix123,clean_continuous,true,true,unchanged,0.0,
1786194978795,1786194978795_cmd_040,коровка,hpf80_mix123,production_like,true,true,unchanged,-39.99999999999204,
1786194978795,1786194978795_cmd_040,коровка,raw_ch3,clean_continuous,true,true,unchanged,0.0,
1786194978795,1786194978795_cmd_040,коровка,raw_ch3,production_like,true,true,unchanged,-39.99999999999204,
1786194978795,1786194978795_cmd_040,коровка,raw_mix123,clean_continuous,true,true,unchanged,0.0,
1786194978795,1786194978795_cmd_040,коровка,raw_mix123,production_like,true,true,unchanged,-39.99999999999204,
1786194978795,1786194978795_cmd_040,коровка,webrtc_moderate,clean_continuous,true,true,unchanged,0.0,
1786194978795,1786194978795_cmd_040,коровка,webrtc_moderate,production_like,true,true,unchanged,0.0,
1786194978795,1786194978795_cmd_041,коровка,hpf80_mix123,clean_continuous,true,true,unchanged,0.0,
1786194978795,1786194978795_cmd_041,коровка,hpf80_mix123,production_like,true,true,unchanged,-39.99999999999204,
1786194978795,1786194978795_cmd_041,коровка,raw_ch3,clean_continuous,true,true,unchanged,0.0,
1786194978795,1786194978795_cmd_041,коровка,raw_ch3,production_like,true,true,unchanged,-39.99999999999204,
1786194978795,1786194978795_cmd_041,коровка,raw_mix123,clean_continuous,true,true,unchanged,0.0,
1786194978795,1786194978795_cmd_041,коровка,raw_mix123,production_like,true,true,unchanged,-39.99999999999204,
1786194978795,1786194978795_cmd_041,коровка,webrtc_moderate,clean_continuous,true,true,unchanged,0.0,
1786194978795,1786194978795_cmd_041,коровка,webrtc_moderate,production_like,true,true,unchanged,0.0,
1786194978795,1786194978795_cmd_042,коровка,hpf80_mix123,clean_continuous,true,true,unchanged,0.0,
1786194978795,1786194978795_cmd_042,коровка,hpf80_mix123,production_like,true,true,unchanged,-39.99999999999204,
1786194978795,1786194978795_cmd_042,коровка,raw_ch3,clean_continuous,true,true,unchanged,0.0,
1786194978795,1786194978795_cmd_042,коровка,raw_ch3,production_like,true,true,unchanged,-39.99999999999204,
1786194978795,1786194978795_cmd_042,коровка,raw_mix123,clean_continuous,true,true,unchanged,0.0,
1786194978795,1786194978795_cmd_042,коровка,raw_mix123,production_like,true,true,unchanged,-39.99999999999204,
1786194978795,1786194978795_cmd_042,коровка,webrtc_moderate,clean_continuous,true,true,unchanged,0.0,
1786194978795,1786194978795_cmd_042,коровка,webrtc_moderate,production_like,true,true,unchanged,0.0,
1786194978795,1786194978795_cmd_043,коровка,hpf80_mix123,clean_continuous,true,true,unchanged,0.0,
1786194978795,1786194978795_cmd_043,коровка,hpf80_mix123,production_like,true,true,unchanged,-39.99999999999204,
1786194978795,1786194978795_cmd_043,коровка,raw_ch3,clean_continuous,true,true,unchanged,0.0,
1786194978795,1786194978795_cmd_043,коровка,raw_ch3,production_like,true,true,unchanged,-39.99999999999204,
1786194978795,1786194978795_cmd_043,коровка,raw_mix123,clean_continuous,true,true,unchanged,0.0,
1786194978795,1786194978795_cmd_043,коровка,raw_mix123,production_like,true,true,unchanged,-39.99999999999204,
1786194978795,1786194978795_cmd_043,коровка,webrtc_moderate,clean_continuous,true,true,unchanged,0.0,
1786194978795,1786194978795_cmd_043,коровка,webrtc_moderate,production_like,true,true,unchanged,0.0,
